{"training_loss": 0.5132964849472046, "validation_loss": 0.5525588393211365, "training_accuracy": 0.7612, "best_epoch_validation_accuracy": 0.7183333333333334, "best_epoch_validation_loss": 0.5525588393211365}