{"training_loss": 0.1139378771185875, "validation_loss": 0.26613032817840576, "training_accuracy": 0.9565, "best_epoch_validation_accuracy": 0.9126666666666666, "best_epoch_validation_loss": 0.26613032817840576}