{"training_loss": 0.21338216960430145, "validation_loss": 0.3302568793296814, "training_accuracy": 0.9224, "best_epoch_validation_accuracy": 0.8646666666666667, "best_epoch_validation_loss": 0.3314802348613739}