{"training_loss": 0.17689436674118042, "validation_loss": 0.4801149070262909, "training_accuracy": 0.9364, "best_epoch_validation_accuracy": 0.8786666666666667, "best_epoch_validation_loss": 0.30739304423332214}