{"training_loss": 0.10477935522794724, "validation_loss": 0.30907467007637024, "training_accuracy": 0.9636, "best_epoch_validation_accuracy": 0.894, "best_epoch_validation_loss": 0.2885517477989197}