{"training_loss": 0.01713830977678299, "validation_loss": 0.6754496097564697, "training_accuracy": 0.9938, "best_epoch_validation_accuracy": 0.896, "best_epoch_validation_loss": 0.42385023832321167}