{"training_loss": 0.13058625161647797, "validation_loss": 0.32886508107185364, "training_accuracy": 0.9486, "best_epoch_validation_accuracy": 0.893, "best_epoch_validation_loss": 0.32886508107185364}