{"training_loss": 0.4489094316959381, "validation_loss": 0.4508507549762726, "training_accuracy": 0.9494, "best_epoch_validation_accuracy": 0.8856666666666667, "best_epoch_validation_loss": 0.4508507549762726}