{"training_loss": 0.21576736867427826, "validation_loss": 0.3216480016708374, "training_accuracy": 0.9202, "best_epoch_validation_accuracy": 0.8666666666666667, "best_epoch_validation_loss": 0.3216480016708374}