{"training_loss": 0.21736422181129456, "validation_loss": 0.3205675184726715, "training_accuracy": 0.9174, "best_epoch_validation_accuracy": 0.8636666666666667, "best_epoch_validation_loss": 0.3179451823234558}