{"training_loss": 0.31040629744529724, "validation_loss": 0.32286936044692993, "training_accuracy": 0.8748, "best_epoch_validation_accuracy": 0.8656666666666667, "best_epoch_validation_loss": 0.32286936044692993}