{"training_loss": 0.6706750988960266, "validation_loss": 0.6698659658432007, "training_accuracy": 0.6468166666666667, "best_epoch_validation_accuracy": 0.658, "best_epoch_validation_loss": 0.6698659658432007}