{"training_loss": 0.6946550607681274, "validation_loss": 0.6936078667640686, "training_accuracy": 0.4957, "best_epoch_validation_accuracy": 0.5003, "best_epoch_validation_loss": 0.6943389773368835}