{"training_loss": 0.14313696324825287, "validation_loss": 0.1800372302532196, "training_accuracy": 0.9512666666666667, "best_epoch_validation_accuracy": 0.9363333333333334, "best_epoch_validation_loss": 0.1800372302532196}