{"training_loss": 0.10357124358415604, "validation_loss": 0.21765922009944916, "training_accuracy": 0.9608666666666666, "best_epoch_validation_accuracy": 0.933, "best_epoch_validation_loss": 0.21765922009944916}