{"training_loss": 0.2838863134384155, "validation_loss": 0.3235809803009033, "training_accuracy": 0.9638, "best_epoch_validation_accuracy": 0.8966666666666666, "best_epoch_validation_loss": 0.3235809803009033}