{"training_loss": 0.17122414708137512, "validation_loss": 0.26872411370277405, "training_accuracy": 0.9638, "best_epoch_validation_accuracy": 0.8936666666666667, "best_epoch_validation_loss": 0.28868716955184937}